Blog,k,v,x,b,n,one,in,www,vs,com,i,p,http,fbi,t,ft,s,nba,atm,f,h,c,ceo,e,d,vr
FT中文网专栏_《第一时间解读》,0,0,0,0,0,0,0,0,0,0,0,0,0,0,0,3,0,0,0,0,0,0,0,0,0,0
FT中文网专栏_《远观中国》,0,0,0,0,0,0,0,0,0,0,0,0,0,0,0,0,0,0,0,0,0,0,0,0,0,0
时政频道,0,0,1,2,2,0,0,0,2,0,0,0,1,0,0,0,0,0,0,0,0,1,0,0,0,0
强国社区,0,0,0,0,0,0,0,0,0,0,0,0,0,0,0,0,0,0,0,0,0,0,0,0,0,0
知乎每日精选,14,83,15,73,8,2,28,66,2,68,10,10,10,1,47,0,22,5,0,11,14,38,1,19,22,6
FT中文网 - 今日焦点,0,0,0,1,0,0,2,0,0,1,1,0,1,3,0,1,0,0,2,0,0,0,0,0,0,0
FT中文网专栏_《中国纪事》,0,0,3,0,0,0,0,0,0,0,0,0,0,0,0,0,1,0,0,1,0,0,0,0,0,0
体育频道,4,12,0,1,0,0,0,2,1,3,0,0,0,0,0,0,1,27,0,3,3,3,1,3,0,0
FT中文网一周十大热门文章,0,0,0,0,1,0,0,0,0,0,0,0,0,0,0,6,0,0,0,0,0,0,0,0,0,0
游戏频道,19,13,19,40,0,12,1,4,2,5,9,34,3,0,14,0,22,19,2,3,2,2,9,179,39,7
海峡两岸,3,0,1,1,2,0,0,0,0,0,0,0,0,0,0,0,13,0,0,0,5,0,0,0,0,0
FT中文网_英国《金融时报》(Financial Times),0,0,3,4,1,2,5,1,0,2,2,4,2,3,0,21,1,0,2,1,0,2,4,8,1,3
财经频道,0,0,0,9,0,0,0,0,0,1,0,4,1,0,0,0,18,0,0,0,0,12,8,0,2,19
国际频道,0,0,0,1,3,0,0,0,0,0,0,0,0,14,6,0,1,0,0,2,0,0,1,0,0,0
